{"cameraMode":{"drawMode":0,"name":"Shaded","section":"Shading Mode"},"sceneLighting":true,"audioPlay":false,"sceneViewState":{"m_AlwaysRefresh":true,"showFog":true,"showSkybox":true,"showFlares":true,"showImageEffects":true,"showParticleSystems":true,"showVisualEffectGraphs":true,"m_FxEnabled":true},"in2DMode":false,"pivot":{"x":423.233642578125,"y":154.36859130859376,"z":986.2135009765625},"rotation":{"x":0.07816562801599503,"y":0.040360305458307269,"z":-0.0031677617225795986,"w":0.9961211681365967},"size":635.6663818359375,"orthographic":false}